{
  "politicians": [
    {
      "id": 1,
      "name": "Donald Trump",
      "position": "President of the United States",
      "image": "https://upload.wikimedia.org/wikipedia/commons/thumb/5/56/Donald_Trump_official_portrait.jpg/800px-Donald_Trump_official_portrait.jpg",
      "party": "Republican",
      "state": "Florida",
      "votes": "77,300,000",
      "trending": true,
      "rank": 1,
      "bio": "47th President of the United States, businessman and former reality TV host"
    },
    {
      "id": 2,
      "name": "JD Vance",
      "position": "Vice President of the United States",
      "image": "https://upload.wikimedia.org/wikipedia/commons/thumb/8/8a/Senator_Vance_official_portrait%2C_117th_Congress.jpg/800px-Senator_Vance_official_portrait%2C_117th_Congress.jpg",
      "party": "Republican",
      "state": "Ohio",
      "votes": "77,300,000",
      "trending": true,
      "rank": 2,
      "bio": "Vice President of the United States, former U.S. Senator from Ohio"
    },
    {
      "id": 3,
      "name": "Kamala Harris",
      "position": "Former Vice President",
      "image": "https://upload.wikimedia.org/wikipedia/commons/thumb/4/41/Kamala_Harris_Vice_Presidential_Portrait.jpg/800px-Kamala_Harris_Vice_Presidential_Portrait.jpg",
      "party": "Democratic",
      "state": "California",
      "votes": "75,000,000",
      "trending": true,
      "rank": 3,
      "bio": "Former Vice President, 2024 Democratic presidential nominee"
    },
    {
      "id": 4,
      "name": "Tim Walz",
      "position": "Governor of Minnesota",
      "image": "https://upload.wikimedia.org/wikipedia/commons/thumb/8/87/Tim_Walz_official_photo_%28cropped%29.jpg/800px-Tim_Walz_official_photo_%28cropped%29.jpg",
      "party": "Democratic",
      "state": "Minnesota",
      "votes": "75,000,000",
      "trending": false,
      "rank": 4,
      "bio": "Governor of Minnesota, 2024 Democratic vice presidential nominee"
    },
    {
      "id": 5,
      "name": "Chuck Schumer",
      "position": "Senate Minority Leader",
      "image": "https://upload.wikimedia.org/wikipedia/commons/thumb/c/c5/Chuck_Schumer_official_photo.jpg/800px-Chuck_Schumer_official_photo.jpg",
      "party": "Democratic",
      "state": "New York",
      "votes": "4,320,000",
      "trending": false,
      "rank": 5,
      "bio": "U.S. Senator from New York, Senate Minority Leader"
    },
    {
      "id": 6,
      "name": "Mitch McConnell",
      "position": "Senate Majority Leader",
      "image": "https://upload.wikimedia.org/wikipedia/commons/thumb/f/f4/Mitch_McConnell_2016_official_photo.jpg/800px-Mitch_McConnell_2016_official_photo.jpg",
      "party": "Republican",
      "state": "Kentucky",
      "votes": "1,233,000",
      "trending": false,
      "rank": 6,
      "bio": "U.S. Senator from Kentucky, Senate Majority Leader"
    },
    {
      "id": 7,
      "name": "Mike Johnson",
      "position": "Speaker of the House",
      "image": "https://upload.wikimedia.org/wikipedia/commons/thumb/1/14/Mike_Johnson_117th_Congress_portrait.jpg/800px-Mike_Johnson_117th_Congress_portrait.jpg",
      "party": "Republican",
      "state": "Louisiana",
      "votes": "213,000",
      "trending": true,
      "rank": 7,
      "bio": "U.S. Representative from Louisiana, Speaker of the House"
    },
    {
      "id": 8,
      "name": "Hakeem Jeffries",
      "position": "House Minority Leader",
      "image": "https://upload.wikimedia.org/wikipedia/commons/thumb/6/6c/Hakeem_Jeffries_official_photo_%28cropped%29.jpg/800px-Hakeem_Jeffries_official_photo_%28cropped%29.jpg",
      "party": "Democratic",
      "state": "New York",
      "votes": "175,000",
      "trending": false,
      "rank": 8,
      "bio": "U.S. Representative from New York, House Minority Leader"
    },
    {
      "id": 9,
      "name": "Nancy Pelosi",
      "position": "House of Representatives",
      "image": "https://upload.wikimedia.org/wikipedia/commons/thumb/e/e1/Nancy_Pelosi_official_photo.jpg/800px-Nancy_Pelosi_official_photo.jpg",
      "party": "Democratic",
      "state": "California",
      "votes": "271,000",
      "trending": false,
      "rank": 9,
      "bio": "U.S. Representative from California, Former Speaker of the House"
    },
    {
      "id": 10,
      "name": "Bernie Sanders",
      "position": "U.S. Senator",
      "image": "https://upload.wikimedia.org/wikipedia/commons/thumb/d/de/Bernie_Sanders.jpg/800px-Bernie_Sanders.jpg",
      "party": "Independent",
      "state": "Vermont",
      "votes": "289,000",
      "trending": false,
      "rank": 10,
      "bio": "U.S. Senator from Vermont, Independent caucusing with Democrats"
    },
    {
      "id": 11,
      "name": "Elizabeth Warren",
      "position": "U.S. Senator",
      "image": "https://upload.wikimedia.org/wikipedia/commons/thumb/6/6a/Elizabeth_Warren%2C_official_portrait%2C_114th_Congress.jpg/800px-Elizabeth_Warren%2C_official_portrait%2C_114th_Congress.jpg",
      "party": "Democratic",
      "state": "Massachusetts",
      "votes": "2,370,000",
      "trending": false,
      "rank": 11,
      "bio": "U.S. Senator from Massachusetts, progressive leader"
    },
    {
      "id": 12,
      "name": "Ted Cruz",
      "position": "U.S. Senator",
      "image": "https://upload.wikimedia.org/wikipedia/commons/thumb/e/e6/Ted_Cruz%2C_official_portrait%2C_113th_Congress.jpg/800px-Ted_Cruz%2C_official_portrait%2C_113th_Congress.jpg",
      "party": "Republican",
      "state": "Texas",
      "votes": "5,950,000",
      "trending": false,
      "rank": 12,
      "bio": "U.S. Senator from Texas, conservative leader"
    },
    {
      "id": 13,
      "name": "Marco Rubio",
      "position": "Secretary of State",
      "image": "https://upload.wikimedia.org/wikipedia/commons/thumb/8/82/Marco_Rubio%2C_Official_Portrait%2C_112th_Congress.jpg/800px-Marco_Rubio%2C_Official_Portrait%2C_112th_Congress.jpg",
      "party": "Republican",
      "state": "Florida",
      "votes": "3,230,000",
      "trending": true,
      "rank": 13,
      "bio": "Former U.S. Senator from Florida, Secretary of State"
    },
    {
      "id": 14,
      "name": "Alexandria Ocasio-Cortez",
      "position": "House of Representatives",
      "image": "https://upload.wikimedia.org/wikipedia/commons/thumb/a/a0/Alexandria_Ocasio-Cortez_Official_Portrait.jpg/800px-Alexandria_Ocasio-Cortez_Official_Portrait.jpg",
      "party": "Democratic",
      "state": "New York",
      "votes": "167,000",
      "trending": true,
      "rank": 14,
      "bio": "U.S. Representative from New York, progressive leader"
    },
    {
      "id": 15,
      "name": "Ron DeSantis",
      "position": "Governor of Florida",
      "image": "https://upload.wikimedia.org/wikipedia/commons/thumb/c/cb/Ron_DeSantis_official_portrait_%28cropped%29.jpg/800px-Ron_DeSantis_official_portrait_%28cropped%29.jpg",
      "party": "Republican",
      "state": "Florida",
      "votes": "4,610,000",
      "trending": false,
      "rank": 15,
      "bio": "Governor of Florida, former 2024 presidential candidate"
    },
    {
      "id": 16,
      "name": "Gavin Newsom",
      "position": "Governor of California",
      "image": "https://upload.wikimedia.org/wikipedia/commons/thumb/c/c6/Gavin_Newsom_official_photo_%28cropped%29.jpg/800px-Gavin_Newsom_official_photo_%28cropped%29.jpg",
      "party": "Democratic",
      "state": "California",
      "votes": "6,170,000",
      "trending": true,
      "rank": 16,
      "bio": "Governor of California, potential 2028 presidential candidate"
    },
    {
      "id": 17,
      "name": "Nikki Haley",
      "position": "Former Governor & Ambassador",
      "image": "https://upload.wikimedia.org/wikipedia/commons/thumb/8/89/Nikki_Haley_official_photo.jpg/800px-Nikki_Haley_official_photo.jpg",
      "party": "Republican",
      "state": "South Carolina",
      "votes": "2,230,000",
      "trending": false,
      "rank": 17,
      "bio": "Former Governor of South Carolina, UN Ambassador, 2024 presidential candidate"
    },
    {
      "id": 18,
      "name": "Josh Shapiro",
      "position": "Governor of Pennsylvania",
      "image": "https://upload.wikimedia.org/wikipedia/commons/thumb/8/8f/Josh_Shapiro_official_photo.jpg/800px-Josh_Shapiro_official_photo.jpg",
      "party": "Democratic",
      "state": "Pennsylvania",
      "votes": "3,160,000",
      "trending": true,
      "rank": 18,
      "bio": "Governor of Pennsylvania, rising Democratic star"
    },
    {
      "id": 19,
      "name": "Adam Schiff",
      "position": "U.S. Senator",
      "image": "https://upload.wikimedia.org/wikipedia/commons/thumb/2/29/Adam_Schiff_official_photo_%28cropped%29.jpg/800px-Adam_Schiff_official_photo_%28cropped%29.jpg",
      "party": "Democratic",
      "state": "California",
      "votes": "4,820,000",
      "trending": false,
      "rank": 19,
      "bio": "U.S. Senator from California, former House Intelligence Committee Chair"
    },
    {
      "id": 20,
      "name": "Gretchen Whitmer",
      "position": "Governor of Michigan",
      "image": "https://upload.wikimedia.org/wikipedia/commons/thumb/c/c7/Gretchen_Whitmer_official_photo_%28cropped%29.jpg/800px-Gretchen_Whitmer_official_photo_%28cropped%29.jpg",
      "party": "Democratic",
      "state": "Michigan",
      "votes": "2,540,000",
      "trending": false,
      "rank": 20,
      "bio": "Governor of Michigan, potential 2028 presidential candidate"
    },
    {
      "id": 21,
      "name": "Pete Buttigieg",
      "position": "Secretary of Transportation",
      "image": "https://upload.wikimedia.org/wikipedia/commons/thumb/c/c6/Pete_Buttigieg_official_photo.jpg/800px-Pete_Buttigieg_official_photo.jpg",
      "party": "Democratic",
      "state": "Indiana",
      "votes": "0",
      "trending": false,
      "rank": 21,
      "bio": "Secretary of Transportation, former mayor and presidential candidate"
    },
    {
      "id": 22,
      "name": "Lindsey Graham",
      "position": "U.S. Senator",
      "image": "https://upload.wikimedia.org/wikipedia/commons/thumb/4/43/Lindsey_Graham%2C_Official_Portrait%2C_112th_Congress.jpg/800px-Lindsey_Graham%2C_Official_Portrait%2C_112th_Congress.jpg",
      "party": "Republican",
      "state": "South Carolina",
      "votes": "1,370,000",
      "trending": false,
      "rank": 22,
      "bio": "U.S. Senator from South Carolina, senior Republican"
    },
    {
      "id": 23,
      "name": "Rand Paul",
      "position": "U.S. Senator",
      "image": "https://upload.wikimedia.org/wikipedia/commons/thumb/3/3b/Rand_Paul%2C_official_portrait%2C_112th_Congress_alternate.jpg/800px-Rand_Paul%2C_official_portrait%2C_112th_Congress_alternate.jpg",
      "party": "Republican",
      "state": "Kentucky",
      "votes": "1,326,000",
      "trending": false,
      "rank": 23,
      "bio": "U.S. Senator from Kentucky, libertarian-leaning Republican"
    },
    {
      "id": 24,
      "name": "Katie Porter",
      "position": "House of Representatives",
      "image": "https://upload.wikimedia.org/wikipedia/commons/thumb/0/08/Katie_Porter_117th_Congress_portrait.jpg/800px-Katie_Porter_117th_Congress_portrait.jpg",
      "party": "Democratic",
      "state": "California",
      "votes": "192,000",
      "trending": true,
      "rank": 24,
      "bio": "U.S. Representative from California, known for whiteboard presentations"
    },
    {
      "id": 25,
      "name": "Marjorie Taylor Greene",
      "position": "House of Representatives",
      "image": "https://upload.wikimedia.org/wikipedia/commons/thumb/8/89/Marjorie_Taylor_Greene_117th_U.S_Congress.jpg/800px-Marjorie_Taylor_Greene_117th_U.S_Congress.jpg",
      "party": "Republican",
      "state": "Georgia",
      "votes": "229,000",
      "trending": true,
      "rank": 25,
      "bio": "U.S. Representative from Georgia, conservative firebrand"
    },
    {
      "id": 26,
      "name": "Cory Booker",
      "position": "U.S. Senator",
      "image": "https://upload.wikimedia.org/wikipedia/commons/thumb/c/cd/Cory_Booker%2C_official_portrait%2C_114th_Congress.jpg/800px-Cory_Booker%2C_official_portrait%2C_114th_Congress.jpg",
      "party": "Democratic",
      "state": "New Jersey",
      "votes": "2,350,000",
      "trending": false,
      "rank": 26,
      "bio": "U.S. Senator from New Jersey, former mayor of Newark"
    },
    {
      "id": 27,
      "name": "Josh Hawley",
      "position": "U.S. Senator",
      "image": "https://upload.wikimedia.org/wikipedia/commons/thumb/1/1a/Josh_Hawley_official_Senate_photo.jpg/800px-Josh_Hawley_official_Senate_photo.jpg",
      "party": "Republican",
      "state": "Missouri",
      "votes": "1,718,000",
      "trending": false,
      "rank": 27,
      "bio": "U.S. Senator from Missouri, conservative populist"
    },
    {
      "id": 28,
      "name": "Amy Klobuchar",
      "position": "U.S. Senator",
      "image": "https://upload.wikimedia.org/wikipedia/commons/thumb/9/99/Amy_Klobuchar%2C_official_portrait%2C_113th_Congress.jpg/800px-Amy_Klobuchar%2C_official_portrait%2C_113th_Congress.jpg",
      "party": "Democratic",
      "state": "Minnesota",
      "votes": "1,567,000",
      "trending": false,
      "rank": 28,
      "bio": "U.S. Senator from Minnesota, moderate Democrat"
    },
    {
      "id": 29,
      "name": "Raphael Warnock",
      "position": "U.S. Senator",
      "image": "https://upload.wikimedia.org/wikipedia/commons/thumb/a/ab/Raphael_Warnock_official_portrait%2C_117th_congress.jpg/800px-Raphael_Warnock_official_portrait%2C_117th_congress.jpg",
      "party": "Democratic",
      "state": "Georgia",
      "votes": "1,816,000",
      "trending": true,
      "rank": 29,
      "bio": "U.S. Senator from Georgia, pastor and civil rights advocate"
    },
    {
      "id": 30,
      "name": "Greg Abbott",
      "position": "Governor of Texas",
      "image": "https://upload.wikimedia.org/wikipedia/commons/thumb/0/0c/Greg_Abbott_official_portrait.jpg/800px-Greg_Abbott_official_portrait.jpg",
      "party": "Republican",
      "state": "Texas",
      "votes": "4,470,000",
      "trending": false,
      "rank": 30,
      "bio": "Governor of Texas, conservative leader on border issues"
    }
  ]
}